make,model_year,engine_type,vehicle_age,mileage,driving_condition,service_interval,days_since_service,oil_level,tire_pressure,brake_wear,fault_codes,maintenance_cost
Chevrolet,2013,electric,11,143033.9,mixed,365,155,,36.8,100.0,3,684.76
Ford,2015,diesel,9,315240.7,mixed,180,18,High,35.1,100.0,0,566.58
Chevrolet,2010,electric,14,270894.1,mixed,90,43,,36.3,100.0,1,442.85
Ford,2022,electric,2,68947.5,mixed,90,15,,35.2,100.0,0,430.71
BMW,2015,diesel,9,150380.2,mixed,365,7,High,33.6,100.0,2,790.04
Toyota,2011,electric,13,351684.3,city,180,101,,31.3,100.0,1,489.1
Chevrolet,2011,gas,13,228389.9,mixed,365,164,High,29.5,100.0,1,538.42
Honda,2020,diesel,4,49183.8,city,365,200,Medium,32.7,100.0,2,694.37
Tesla,2017,gas,7,59319.8,mixed,365,67,High,33.9,100.0,0,339.36
Tesla,2014,electric,10,283752.2,city,365,276,,30.4,100.0,0,329.74
Tesla,2018,electric,6,115887.5,mixed,365,15,,34.1,100.0,1,432.3
Honda,2013,diesel,11,132764.7,city,180,171,Low,33.1,100.0,2,920.56
Ford,2016,gas,8,167432.8,highway,180,68,High,31.2,100.0,1,398.16
BMW,2013,diesel,11,192884.3,highway,180,17,High,34.4,100.0,2,732.25
Honda,2021,electric,3,97273.8,highway,90,28,,31.0,100.0,0,426.52
Toyota,2017,diesel,7,243164.8,highway,365,328,Low,28.6,100.0,0,560.44
Toyota,2013,diesel,11,374221.5,highway,365,310,Low,40.0,100.0,2,892.85
Toyota,2011,electric,13,186342.2,mixed,90,87,,30.1,100.0,1,358.62
Chevrolet,2015,electric,9,177022.8,city,180,27,,28.3,100.0,0,303.41
Chevrolet,2015,diesel,9,203224.2,highway,365,31,High,35.1,100.0,1,713.56
Chevrolet,2010,diesel,14,409649.6,mixed,180,130,Medium,33.8,100.0,1,642.07
Chevrolet,2015,diesel,9,235710.9,highway,365,349,Low,34.6,100.0,3,1082.12
Ford,2019,gas,5,51508.8,city,365,86,High,40.0,100.0,1,686.98
Ford,2018,diesel,6,112909.2,city,90,31,High,36.9,100.0,0,506.87
Tesla,2014,diesel,10,210597.7,city,180,143,Low,28.8,100.0,2,663.21
Chevrolet,2015,diesel,9,91946.8,highway,180,132,Medium,33.5,100.0,1,757.17
Ford,2022,diesel,2,32499.5,mixed,365,171,High,32.7,65.3,0,289.31
Chevrolet,2021,diesel,3,93112.0,mixed,180,146,Low,35.3,100.0,1,739.67
Ford,2016,diesel,8,136603.2,highway,180,6,High,29.0,100.0,2,797.32
Toyota,2023,electric,1,21891.6,mixed,365,80,,27.6,50.9,0,117.34
Chevrolet,2021,diesel,3,107556.7,highway,90,16,High,32.5,100.0,0,586.08
Honda,2021,gas,3,102329.2,highway,90,60,Medium,33.4,100.0,0,431.42
Toyota,2020,gas,4,102521.9,city,365,258,Medium,34.0,100.0,0,620.03
Chevrolet,2021,gas,3,81084.5,city,365,12,High,36.7,100.0,0,440.0
Chevrolet,2011,electric,13,270877.8,mixed,365,341,,32.3,100.0,0,394.03
Ford,2019,gas,5,50351.8,city,365,33,High,36.6,100.0,0,493.7
BMW,2011,gas,13,422274.6,city,90,62,Medium,40.0,100.0,1,534.05
Ford,2019,gas,5,52042.8,city,365,198,Medium,28.0,100.0,0,628.85
Ford,2015,electric,9,291894.9,highway,180,15,,34.1,100.0,0,350.63
Ford,2015,electric,9,292309.4,highway,180,56,,28.5,100.0,2,440.09
Honda,2020,diesel,4,131460.3,city,180,161,Low,32.3,100.0,0,613.25
Ford,2019,gas,5,112910.1,city,365,221,Medium,33.7,100.0,1,462.31
Honda,2019,electric,5,41670.1,highway,365,60,,33.5,55.0,1,174.91
Honda,2014,diesel,10,187114.4,city,180,46,High,31.7,100.0,1,588.7
BMW,2014,electric,10,135942.3,mixed,90,32,,34.4,100.0,0,376.55
Honda,2021,diesel,3,88027.8,highway,90,62,Medium,33.7,100.0,1,705.34
Chevrolet,2011,gas,13,229232.6,mixed,365,166,High,29.6,100.0,0,405.95
Chevrolet,2015,electric,9,177512.1,city,180,149,,35.4,100.0,2,427.31
Tesla,2018,electric,6,210844.4,highway,180,39,,34.1,100.0,0,427.3
Tesla,2018,diesel,6,198549.0,highway,90,47,Medium,33.6,100.0,1,625.39
BMW,2021,electric,3,57053.2,city,365,268,,30.3,100.0,0,295.41
Honda,2021,electric,3,96558.7,highway,90,47,,37.7,100.0,0,386.07
Honda,2023,gas,1,29853.8,city,365,86,High,36.3,84.4,0,430.92
Honda,2020,diesel,4,48322.9,city,365,106,High,28.6,100.0,0,532.15
Tesla,2020,gas,4,141049.5,mixed,90,42,High,32.2,100.0,0,468.06
Chevrolet,2014,diesel,10,189839.6,city,180,145,Low,36.2,100.0,1,832.23
Chevrolet,2014,diesel,10,189779.1,city,180,78,High,39.4,100.0,3,895.39
Ford,2012,electric,12,233770.6,city,90,26,,37.4,100.0,0,319.7
Ford,2019,diesel,5,45500.4,mixed,180,44,High,34.6,93.3,1,728.04
BMW,2015,gas,9,164541.8,mixed,180,61,High,30.6,100.0,2,642.79
Honda,2020,diesel,4,48139.2,city,365,319,Low,35.3,100.0,0,732.91
Ford,2011,gas,13,150764.0,highway,180,4,High,34.3,100.0,1,452.19
Toyota,2013,electric,11,265821.8,mixed,180,106,,32.8,100.0,2,596.3
Ford,2018,diesel,6,113584.2,city,90,56,Medium,39.3,100.0,2,782.21
Toyota,2013,electric,11,265189.3,mixed,180,18,,30.6,100.0,0,403.83
Toyota,2022,diesel,2,34681.5,city,365,352,Low,35.1,100.0,0,639.81
Tesla,2014,diesel,10,212276.7,city,180,144,Low,31.5,100.0,0,580.82
Ford,2013,diesel,11,249613.7,highway,365,273,Medium,33.1,100.0,0,705.99
BMW,2016,gas,8,262261.4,mixed,365,35,High,36.3,100.0,0,394.84
Chevrolet,2017,diesel,7,121471.5,mixed,180,94,Medium,32.1,100.0,0,573.69
Chevrolet,2020,electric,4,91631.7,city,90,89,,31.8,100.0,0,336.49
Ford,2019,gas,5,113760.9,city,365,74,High,35.6,100.0,0,401.97
Tesla,2014,diesel,10,212891.2,city,180,70,High,34.9,100.0,4,818.87
Honda,2014,diesel,10,207381.3,mixed,180,165,Low,38.0,100.0,2,707.63
BMW,2018,diesel,6,166847.1,city,365,133,High,34.1,100.0,0,580.45
Chevrolet,2021,gas,3,82209.9,city,365,194,Medium,34.3,100.0,0,551.79
Toyota,2020,electric,4,129166.8,city,365,303,,33.6,100.0,0,476.65
BMW,2018,diesel,6,166711.6,city,365,304,Low,32.4,100.0,2,1014.3
Chevrolet,2011,electric,13,272474.5,mixed,365,263,,33.5,100.0,0,325.58
Tesla,2012,electric,12,131888.5,highway,365,7,,30.2,100.0,2,569.47
Tesla,2022,electric,2,16657.8,mixed,365,155,,33.9,33.2,0,113.43
Toyota,2011,electric,13,352244.7,city,180,19,,35.9,100.0,2,521.62
Toyota,2013,electric,11,264541.3,mixed,180,62,,27.0,100.0,1,413.74
Ford,2020,gas,4,115611.4,highway,365,209,Medium,36.0,100.0,1,577.69
Chevrolet,2019,gas,5,125064.3,highway,365,238,Medium,30.5,100.0,0,378.23
Chevrolet,2011,electric,13,269996.4,mixed,365,17,,32.6,100.0,1,300.52
Ford,2015,electric,9,293310.5,highway,180,115,,32.9,100.0,0,354.65
Tesla,2013,diesel,11,139624.4,mixed,365,219,Medium,31.0,100.0,1,495.51
Ford,2022,gas,2,30329.7,mixed,180,156,Low,32.6,60.5,0,425.0
Toyota,2017,diesel,7,110512.0,highway,90,35,High,35.4,100.0,1,623.89
Tesla,2011,gas,13,474195.1,city,180,74,High,34.0,100.0,1,497.2
BMW,2012,gas,12,318740.1,mixed,180,34,High,36.6,100.0,3,659.23
BMW,2018,gas,6,163682.0,city,90,13,High,35.9,100.0,0,458.88
Honda,2011,electric,13,345732.5,mixed,365,197,,31.8,100.0,0,295.34
Ford,2020,gas,4,115235.3,highway,365,201,Medium,33.7,100.0,0,532.75
Honda,2015,gas,9,292637.6,mixed,90,6,High,32.5,100.0,1,551.86
BMW,2010,gas,14,406763.5,mixed,365,40,High,35.3,100.0,1,497.36
Toyota,2010,diesel,14,424703.2,city,90,49,Medium,26.5,100.0,3,988.22
Toyota,2019,electric,5,111852.5,mixed,90,36,,33.9,100.0,0,394.31
Tesla,2019,diesel,5,112542.4,city,90,85,Low,29.8,100.0,1,855.77
BMW,2010,electric,14,152912.3,highway,365,167,,33.8,100.0,0,382.89
Ford,2018,diesel,6,156293.8,highway,180,8,High,32.8,100.0,0,615.89
Ford,2010,gas,14,316335.9,city,365,319,Low,29.7,100.0,1,371.49
Ford,2010,electric,14,345351.8,city,180,126,,36.6,100.0,1,542.51
Chevrolet,2015,electric,9,232590.2,mixed,90,14,,30.2,100.0,1,465.19
Toyota,2011,electric,13,351400.8,city,180,81,,32.6,100.0,3,678.3
Chevrolet,2011,gas,13,227823.5,mixed,365,95,High,32.1,100.0,1,552.35
Ford,2016,diesel,8,137410.8,highway,180,126,Medium,35.9,100.0,1,631.64
Chevrolet,2021,electric,3,86480.1,highway,90,41,,29.6,100.0,0,412.97
Chevrolet,2019,gas,5,125498.1,highway,365,277,Low,33.2,100.0,0,423.83
BMW,2013,diesel,11,191485.1,highway,180,90,High,27.2,100.0,0,553.28
Tesla,2018,electric,6,211146.0,highway,180,119,,33.6,100.0,2,450.58
Tesla,2014,gas,10,255250.0,highway,90,45,High,28.9,100.0,1,492.19
Honda,2019,electric,5,105777.4,highway,365,170,,34.2,100.0,1,336.56
Tesla,2023,electric,1,25352.8,highway,365,41,,33.1,38.8,0,62.56
Toyota,2013,diesel,11,373482.2,highway,365,311,Low,37.5,100.0,0,724.75
Chevrolet,2023,diesel,1,12355.3,highway,180,147,Low,35.3,14.9,0,280.95
BMW,2015,diesel,9,148641.5,mixed,365,62,High,30.6,100.0,2,745.36
Toyota,2010,diesel,14,422962.3,city,90,49,Medium,34.3,100.0,0,563.76
Chevrolet,2013,diesel,11,369384.2,mixed,365,42,High,36.7,100.0,2,709.55
Honda,2023,gas,1,27806.1,city,365,217,Medium,33.6,78.5,0,343.33
Honda,2015,gas,9,292679.4,mixed,90,45,High,35.2,100.0,0,412.69
Tesla,2018,gas,6,195467.8,highway,365,87,High,35.0,100.0,0,578.96
Tesla,2014,electric,10,285014.6,city,365,273,,33.6,100.0,0,357.75
Toyota,2015,gas,9,169030.8,mixed,90,23,High,36.6,100.0,1,563.19
Toyota,2013,diesel,11,361544.1,city,180,25,High,34.1,100.0,1,635.43
Toyota,2017,diesel,7,109798.1,highway,90,2,High,34.2,100.0,0,550.47
Chevrolet,2011,electric,13,272822.1,mixed,365,179,,33.2,100.0,0,404.31
Chevrolet,2015,diesel,9,92551.5,highway,180,149,Low,27.3,100.0,1,701.17
BMW,2011,diesel,13,319209.2,mixed,365,222,Medium,29.9,100.0,0,638.91
Ford,2022,diesel,2,36314.7,highway,90,12,High,34.6,53.7,0,106.68
Chevrolet,2015,diesel,9,204105.7,highway,365,220,Medium,36.9,100.0,0,719.14
BMW,2016,gas,8,258881.1,mixed,365,15,High,32.3,100.0,1,558.86
BMW,2019,electric,5,148646.9,city,180,133,,33.6,100.0,0,380.09
Chevrolet,2015,electric,9,177214.2,city,180,77,,30.9,100.0,1,446.2
Tesla,2018,electric,6,210768.8,highway,180,39,,33.9,100.0,1,478.44
Chevrolet,2021,diesel,3,105402.9,highway,90,34,High,30.7,100.0,1,734.14
Chevrolet,2020,gas,4,119861.0,mixed,180,11,High,31.2,100.0,0,296.62
Ford,2021,diesel,3,57023.2,highway,180,146,Low,35.9,94.6,0,619.72
Tesla,2015,gas,9,275743.4,mixed,180,50,High,31.5,100.0,1,590.81
Tesla,2014,electric,10,283699.3,city,365,94,,36.5,100.0,2,604.9
Ford,2015,electric,9,291698.4,highway,180,3,,33.8,100.0,0,391.41
Ford,2013,diesel,11,167927.3,highway,90,26,High,29.6,100.0,1,627.75
BMW,2022,diesel,2,46083.0,city,180,165,Low,28.2,100.0,0,688.28
Chevrolet,2016,electric,8,64209.6,mixed,180,112,,29.1,100.0,1,482.18
Honda,2013,gas,11,253710.5,city,365,146,High,30.4,100.0,2,526.06
BMW,2013,diesel,11,192036.3,highway,180,85,High,31.8,100.0,2,653.91
Honda,2019,electric,5,41236.0,highway,365,213,,36.6,59.0,0,93.26
Honda,2014,gas,10,119610.7,mixed,365,153,High,37.0,100.0,0,456.35
Chevrolet,2017,diesel,7,129241.7,city,365,127,High,34.0,100.0,0,636.24
Tesla,2014,gas,10,114229.7,highway,90,61,Medium,32.7,100.0,0,350.42
Ford,2019,gas,5,115153.0,city,365,275,Low,30.7,100.0,1,661.53
BMW,2018,diesel,6,167450.2,city,365,154,High,30.4,100.0,0,762.54
Tesla,2014,electric,10,321604.5,highway,180,44,,34.8,100.0,1,477.62
Honda,2014,gas,10,121144.6,mixed,365,199,Medium,30.2,100.0,0,530.88
Tesla,2014,gas,10,255773.9,highway,90,13,High,32.5,100.0,2,514.39
Ford,2022,diesel,2,27622.5,mixed,365,118,High,29.4,50.3,0,139.89
Chevrolet,2017,gas,7,199332.4,mixed,90,11,High,36.0,100.0,0,518.29
Toyota,2010,diesel,14,149528.4,mixed,90,80,Low,35.9,100.0,2,864.25
Ford,2016,gas,8,170466.9,highway,180,101,Medium,32.0,100.0,1,379.0
Tesla,2018,gas,6,196241.6,highway,365,30,High,34.4,100.0,1,686.8
Toyota,2021,gas,3,79307.2,mixed,90,16,High,34.2,100.0,1,630.93
Tesla,2014,diesel,10,211209.6,city,180,74,High,31.0,100.0,3,686.06
Honda,2023,gas,1,14171.7,highway,90,62,Medium,33.5,26.1,0,257.91
Tesla,2019,gas,5,167492.8,city,180,50,High,35.4,100.0,1,489.32
Chevrolet,2015,electric,9,177425.1,city,180,90,,38.5,100.0,0,413.1
Ford,2015,electric,9,229309.1,mixed,90,50,,27.9,100.0,0,390.79
BMW,2010,gas,14,408737.6,mixed,365,282,Low,33.2,100.0,1,628.3
Ford,2012,electric,12,233758.4,city,90,63,,31.3,100.0,1,471.07
Chevrolet,2015,diesel,9,90940.9,highway,180,129,Medium,34.7,100.0,2,782.99
Chevrolet,2015,diesel,9,237063.4,highway,365,258,Medium,37.9,100.0,0,654.17
Toyota,2016,gas,8,233449.5,city,90,39,High,34.0,100.0,1,447.98
BMW,2021,electric,3,56094.4,city,365,210,,29.5,100.0,0,358.38
BMW,2012,gas,12,372205.1,city,90,46,Medium,29.3,100.0,1,603.98
Tesla,2015,gas,9,84705.1,mixed,180,7,High,32.9,100.0,3,673.12
Chevrolet,2017,gas,7,198582.9,mixed,90,89,Low,37.1,100.0,1,614.96
Tesla,2020,gas,4,141746.5,mixed,90,30,High,28.2,100.0,1,504.93
Honda,2020,diesel,4,38929.8,city,90,58,Medium,31.7,95.7,0,504.2
Ford,2019,diesel,5,46419.1,mixed,180,16,High,27.4,92.9,1,641.21
Toyota,2017,diesel,7,107892.3,highway,90,68,Low,33.3,100.0,2,854.44
BMW,2017,electric,7,127333.8,highway,180,140,,32.5,100.0,0,440.94
Chevrolet,2023,electric,1,24627.5,city,180,47,,34.1,70.3,0,326.29
Ford,2022,gas,2,70896.8,highway,90,63,Medium,32.6,96.5,0,387.94
Toyota,2018,gas,6,73785.3,highway,90,42,High,33.2,100.0,0,339.46
Ford,2021,diesel,3,84505.2,mixed,365,356,Low,37.1,100.0,0,770.98
Honda,2020,diesel,4,130699.8,city,180,102,Medium,34.1,100.0,0,708.31
Chevrolet,2021,electric,3,87523.6,highway,90,28,,28.3,100.0,0,376.73
Honda,2020,diesel,4,132483.3,city,180,97,Medium,29.8,100.0,0,627.22
Tesla,2018,electric,6,209370.8,highway,180,171,,34.2,100.0,1,309.09
Toyota,2010,diesel,14,504730.2,mixed,90,35,High,39.8,100.0,1,762.44
Tesla,2015,gas,9,84401.1,mixed,180,117,Medium,38.3,100.0,0,531.15
Toyota,2020,gas,4,103197.5,city,365,169,High,36.1,100.0,0,607.73
Toyota,2010,diesel,14,425658.3,city,90,37,High,35.1,100.0,1,794.29
BMW,2023,diesel,1,37741.3,mixed,90,26,High,32.3,83.8,0,440.08
Chevrolet,2014,diesel,10,333681.9,mixed,365,71,High,32.8,100.0,0,591.85
Tesla,2017,gas,7,60672.8,mixed,365,317,Low,32.7,100.0,2,565.11
Chevrolet,2015,electric,9,178839.2,city,180,100,,38.1,100.0,0,365.5
Chevrolet,2010,diesel,14,409111.2,mixed,180,164,Low,25.5,100.0,0,762.41
Tesla,2014,electric,10,286247.1,city,365,45,,33.5,100.0,3,661.77
Honda,2014,gas,10,120087.1,mixed,365,302,Low,33.2,100.0,1,717.22
Ford,2018,diesel,6,158459.8,highway,180,117,Medium,34.7,100.0,0,656.94
Ford,2018,diesel,6,157600.6,highway,180,48,High,34.4,100.0,1,619.06
Ford,2020,gas,4,114176.5,highway,365,112,High,35.0,100.0,0,310.83
Chevrolet,2017,gas,7,197621.6,mixed,90,19,High,36.4,100.0,1,638.11
BMW,2018,electric,6,81830.2,city,180,2,,33.4,100.0,1,381.5
Toyota,2013,electric,11,263219.3,mixed,180,63,,30.5,100.0,1,511.8
Ford,2012,diesel,12,283556.7,city,365,6,High,34.7,100.0,2,748.55
Chevrolet,2014,diesel,10,188753.6,city,180,7,High,30.4,100.0,0,638.89
Chevrolet,2013,diesel,11,371469.3,mixed,365,313,Low,32.6,100.0,2,905.11
Chevrolet,2018,electric,6,139983.4,highway,365,241,,37.8,100.0,0,402.13
Chevrolet,2019,gas,5,87408.6,highway,365,315,Low,35.9,100.0,0,582.67
Ford,2019,gas,5,115270.4,city,365,35,High,33.6,100.0,0,483.3
BMW,2012,diesel,12,340500.9,highway,365,158,High,30.6,100.0,1,542.31
Toyota,2013,gas,11,177557.8,mixed,180,160,Low,32.9,100.0,0,560.11
Honda,2013,gas,11,252187.6,city,365,64,High,28.4,100.0,0,452.72
BMW,2014,electric,10,134867.9,mixed,90,4,,33.1,100.0,1,446.35
Chevrolet,2010,electric,14,272346.7,mixed,90,64,,29.7,100.0,1,439.7
Toyota,2020,gas,4,104513.8,city,365,46,High,31.9,100.0,1,537.25
BMW,2011,diesel,13,317691.8,mixed,365,224,Medium,31.9,100.0,1,666.44
Chevrolet,2010,diesel,14,408570.9,mixed,180,51,High,30.1,100.0,2,712.03
Chevrolet,2015,electric,9,232011.8,mixed,90,24,,33.7,100.0,0,322.47
Toyota,2023,electric,1,21491.0,mixed,365,274,,31.1,44.1,0,114.3
Chevrolet,2023,electric,1,24018.7,city,180,7,,33.6,68.6,0,377.27
Honda,2012,diesel,12,360011.8,highway,90,58,Medium,38.2,100.0,2,512.71
Ford,2014,gas,10,273410.6,mixed,365,119,High,36.7,100.0,1,522.02
Toyota,2013,electric,11,265652.1,mixed,180,138,,36.0,100.0,2,475.68
BMW,2012,diesel,12,341066.7,highway,365,136,High,32.1,100.0,2,544.08
BMW,2010,diesel,14,245786.0,mixed,90,52,Medium,33.9,100.0,3,838.99
Chevrolet,2013,electric,11,145296.5,mixed,365,1,,35.6,100.0,0,262.71
Tesla,2015,electric,9,197808.2,mixed,90,49,,32.9,100.0,1,448.38
Ford,2014,diesel,10,268811.6,mixed,365,213,Medium,35.0,100.0,1,620.61
Chevrolet,2015,diesel,9,161685.7,city,90,44,High,35.7,100.0,1,523.4
Toyota,2023,gas,1,14907.3,mixed,90,46,Medium,28.6,34.5,0,157.66
Chevrolet,2010,electric,14,270914.1,mixed,90,49,,36.8,100.0,1,533.06
Toyota,2010,diesel,14,149664.0,mixed,90,30,High,31.9,100.0,0,589.66
BMW,2013,diesel,11,194368.2,highway,180,5,High,29.0,100.0,1,638.06
Honda,2013,gas,11,361670.4,city,90,55,Medium,36.6,100.0,1,653.37
Chevrolet,2015,electric,9,177485.2,city,180,89,,34.8,100.0,2,529.84
Honda,2013,diesel,11,156076.6,mixed,90,10,High,32.5,100.0,2,830.01
Toyota,2017,diesel,7,256078.3,mixed,90,58,Medium,30.2,100.0,2,612.7
BMW,2011,diesel,13,316300.4,mixed,365,191,Medium,28.0,100.0,1,713.52
BMW,2017,electric,7,126886.1,highway,180,49,,31.6,100.0,2,456.84
Honda,2021,diesel,3,91571.5,highway,90,22,High,32.0,100.0,0,726.32
Tesla,2010,gas,14,199267.3,mixed,180,31,High,36.0,100.0,5,964.24
BMW,2011,gas,13,421972.7,city,90,85,Low,31.4,100.0,0,436.23
Toyota,2015,gas,9,166358.7,mixed,90,72,Low,32.5,100.0,1,614.65
Chevrolet,2018,electric,6,140181.7,highway,365,357,,37.9,100.0,0,443.47
BMW,2012,gas,12,374431.8,city,90,33,High,31.9,100.0,2,754.69
Honda,2015,diesel,9,272528.4,highway,365,320,Low,32.6,100.0,1,594.91
Chevrolet,2014,diesel,10,332008.7,mixed,365,47,High,33.6,100.0,2,706.55
Chevrolet,2017,diesel,7,130415.2,mixed,180,72,High,33.3,100.0,0,516.98
Chevrolet,2013,electric,11,144812.5,mixed,365,139,,31.6,100.0,0,437.78
Toyota,2010,diesel,14,146301.6,mixed,90,50,Medium,33.0,100.0,2,841.68
Honda,2022,diesel,2,51617.9,city,90,78,Low,30.1,100.0,0,730.54
Tesla,2020,gas,4,142114.7,mixed,90,75,Low,31.4,100.0,0,535.41
Tesla,2014,gas,10,254634.7,highway,90,5,High,30.5,100.0,0,349.13
Toyota,2010,diesel,14,423594.6,city,90,19,High,38.3,100.0,1,692.53
Ford,2012,diesel,12,284417.4,city,365,279,Low,32.8,100.0,0,733.39
BMW,2013,gas,11,115119.8,mixed,365,362,Low,31.0,100.0,0,724.59
Ford,2015,electric,9,294022.1,highway,180,57,,32.9,100.0,2,525.41
Honda,2012,diesel,12,359193.3,highway,90,37,High,33.1,100.0,1,557.03
Toyota,2017,diesel,7,254757.1,mixed,90,39,High,34.0,100.0,1,435.28
Honda,2022,diesel,2,69014.0,mixed,365,222,Medium,31.7,100.0,0,528.52
Toyota,2011,gas,13,232967.0,mixed,365,229,Medium,34.2,100.0,0,516.75
Tesla,2013,diesel,11,141996.9,mixed,365,119,High,34.3,100.0,0,538.81
BMW,2013,gas,11,202646.4,mixed,180,157,Low,37.4,100.0,0,456.15
BMW,2019,electric,5,149843.6,city,180,13,,30.5,100.0,2,503.57
Ford,2012,electric,12,332055.6,mixed,180,8,,32.0,100.0,0,404.64
Honda,2015,diesel,9,272403.0,highway,365,166,High,31.4,100.0,0,452.02
Honda,2023,diesel,1,12232.8,mixed,180,17,High,33.3,28.3,0,112.12
BMW,2013,gas,11,115098.2,mixed,365,224,Medium,32.0,100.0,0,543.27
Ford,2014,gas,10,272541.4,mixed,365,26,High,33.5,100.0,0,324.91
Tesla,2011,gas,13,473836.8,city,180,31,High,33.5,100.0,1,529.35
Tesla,2011,gas,13,474830.8,city,180,8,High,32.5,100.0,1,434.36
Honda,2012,gas,12,428799.7,highway,365,182,High,29.4,100.0,0,464.97
Honda,2021,gas,3,103631.1,highway,90,19,High,33.0,100.0,0,376.96
Tesla,2014,electric,10,319994.0,highway,180,73,,33.2,100.0,2,655.49
Tesla,2011,gas,13,280402.0,city,365,220,Medium,33.9,100.0,3,875.21
Ford,2020,gas,4,116982.0,highway,365,119,High,35.2,100.0,1,497.14
Ford,2022,diesel,2,29096.5,mixed,365,310,Low,31.1,54.5,0,233.73
Ford,2016,diesel,8,137854.1,highway,180,146,Low,28.1,100.0,0,661.06
Ford,2022,gas,2,71743.9,highway,90,63,Medium,40.0,100.0,0,435.87
Toyota,2011,electric,13,186182.7,mixed,90,78,,32.1,100.0,2,423.01
BMW,2011,gas,13,389389.1,city,365,231,Medium,31.9,100.0,0,484.08
Chevrolet,2015,diesel,9,202953.3,highway,365,360,Low,31.0,100.0,0,748.87
BMW,2012,gas,12,371605.0,city,90,47,Medium,35.1,100.0,1,657.78
Ford,2012,electric,12,232829.2,city,90,17,,33.5,100.0,1,421.15
Chevrolet,2021,electric,3,89613.3,highway,90,85,,37.1,100.0,0,334.8
Tesla,2014,electric,10,321421.5,highway,180,3,,35.8,100.0,4,678.93
Ford,2019,gas,5,115622.3,city,365,270,Medium,35.3,100.0,2,607.63
Ford,2019,gas,5,114956.5,city,365,84,High,30.7,100.0,1,595.3
Chevrolet,2011,electric,13,271038.1,mixed,365,12,,33.0,100.0,2,457.83
BMW,2012,diesel,12,343757.9,highway,365,284,Low,33.2,100.0,0,489.61
Chevrolet,2020,electric,4,90956.3,city,90,61,,31.1,100.0,1,454.59
Tesla,2011,gas,13,474720.1,city,180,166,Low,34.0,100.0,2,639.21
Chevrolet,2023,electric,1,10050.4,mixed,90,73,,27.2,20.2,0,102.09
BMW,2013,gas,11,116447.7,mixed,365,222,Medium,36.3,100.0,0,617.58
Toyota,2010,diesel,14,147124.7,mixed,90,43,High,27.4,100.0,1,596.45
Tesla,2018,gas,6,197867.5,highway,365,354,Low,34.7,100.0,1,673.53
Chevrolet,2017,diesel,7,129812.8,city,365,54,High,32.7,100.0,0,517.07
Tesla,2010,gas,14,261969.4,city,90,33,High,35.4,100.0,2,471.79
Honda,2013,electric,11,288434.4,mixed,365,135,,30.8,100.0,0,293.01
Ford,2022,diesel,2,31348.6,mixed,365,97,High,27.7,56.3,0,105.91
Honda,2013,gas,11,253029.1,city,365,37,High,31.3,100.0,0,461.8
Toyota,2010,diesel,14,138254.5,highway,180,39,High,30.7,100.0,1,662.31
Tesla,2017,diesel,7,198856.8,city,180,170,Low,34.0,100.0,2,931.7
Chevrolet,2010,electric,14,271527.6,mixed,90,78,,36.9,100.0,3,620.45
Tesla,2014,electric,10,320372.7,highway,180,3,,31.0,100.0,0,484.35
BMW,2022,electric,2,70212.3,highway,90,77,,37.6,99.6,0,193.68
Honda,2013,diesel,11,155112.0,mixed,90,67,Medium,27.2,100.0,4,1146.05
Honda,2013,diesel,11,132825.9,city,180,15,High,31.6,100.0,1,841.05
BMW,2022,diesel,2,46856.9,city,180,166,Low,35.5,100.0,0,662.02
Honda,2012,diesel,12,358443.4,highway,90,21,High,30.9,100.0,0,354.36
Honda,2022,electric,2,49524.5,highway,180,39,,28.4,66.9,0,282.54
Toyota,2011,electric,13,350028.9,city,180,120,,35.8,100.0,1,624.56
Chevrolet,2015,diesel,9,204512.7,highway,365,210,Medium,30.7,100.0,1,757.21
Honda,2021,gas,3,102304.5,highway,90,6,High,35.3,100.0,0,423.96
Ford,2015,diesel,9,313310.9,mixed,180,101,Medium,29.2,100.0,2,700.06
Toyota,2022,diesel,2,34017.1,city,365,222,Medium,34.2,80.0,1,537.85
Honda,2014,gas,10,119616.5,mixed,365,312,Low,34.2,100.0,0,714.94
Ford,2014,gas,10,277743.2,mixed,365,293,Low,31.6,100.0,0,563.01
Chevrolet,2014,diesel,10,190821.4,city,180,128,Medium,27.4,100.0,0,663.6
Tesla,2011,gas,13,260116.0,city,90,50,Medium,32.7,100.0,1,800.91
BMW,2015,gas,9,248819.6,city,365,245,Medium,35.7,100.0,0,404.84
Chevrolet,2021,diesel,3,107974.7,highway,90,25,High,32.3,100.0,0,551.84
Ford,2022,diesel,2,29488.0,mixed,365,330,Low,36.5,55.4,0,157.82
Tesla,2018,electric,6,209464.8,highway,180,50,,34.2,100.0,0,303.53
BMW,2012,gas,12,372336.2,city,90,31,High,39.2,100.0,2,733.49
BMW,2012,diesel,12,340365.0,highway,365,17,High,31.4,100.0,1,480.81
Toyota,2011,electric,13,185863.1,mixed,90,43,,30.4,100.0,0,306.14
Honda,2014,gas,10,120618.2,mixed,365,76,High,30.9,100.0,2,583.16
Chevrolet,2021,electric,3,89008.9,highway,90,85,,40.0,100.0,1,473.48
Chevrolet,2017,gas,7,198399.1,mixed,90,78,Low,36.1,100.0,0,603.15
Toyota,2019,electric,5,110848.2,mixed,90,26,,32.8,100.0,0,314.29
Tesla,2010,gas,14,259810.3,city,90,51,Medium,33.6,100.0,1,492.66
Honda,2015,diesel,9,272834.6,highway,365,36,High,36.4,100.0,1,643.87
Tesla,2020,gas,4,39507.8,highway,365,45,High,29.6,55.0,0,233.07
Toyota,2015,gas,9,166617.0,mixed,90,61,Medium,27.3,100.0,0,547.87
Honda,2013,gas,11,362412.1,city,90,63,Medium,36.3,100.0,2,744.27
Toyota,2011,electric,13,185929.2,mixed,90,13,,32.3,100.0,1,449.83
Honda,2014,diesel,10,208661.1,mixed,180,73,High,29.3,100.0,0,486.53
BMW,2011,diesel,13,317522.6,mixed,365,188,Medium,29.2,100.0,1,639.2
Ford,2015,diesel,9,316060.2,mixed,180,148,Low,35.8,100.0,0,662.81
Ford,2021,diesel,3,60063.7,highway,180,161,Low,30.0,83.6,1,775.55
Ford,2022,electric,2,69495.7,mixed,90,64,,34.4,100.0,1,553.57
Tesla,2018,electric,6,116549.4,mixed,365,330,,30.1,100.0,0,482.25
Toyota,2011,electric,13,350225.1,city,180,23,,37.5,100.0,1,559.49
Chevrolet,2019,gas,5,126046.8,highway,365,106,High,36.9,100.0,0,367.32
Ford,2016,electric,8,193686.2,highway,365,32,,31.4,100.0,1,430.15
Ford,2019,gas,5,50121.8,city,365,50,High,33.8,100.0,3,654.3
Ford,2012,electric,12,326953.8,mixed,180,134,,34.6,100.0,0,361.76
Ford,2022,diesel,2,37375.9,highway,90,14,High,30.1,42.5,0,173.68
Honda,2019,electric,5,42041.8,highway,365,101,,31.3,58.3,0,176.39
Tesla,2017,diesel,7,201584.0,city,180,172,Low,32.5,100.0,1,736.42
Chevrolet,2014,diesel,10,190098.9,city,180,39,High,32.5,100.0,2,914.11
BMW,2012,diesel,12,343395.6,highway,365,222,Medium,30.4,100.0,0,377.36
Toyota,2020,gas,4,103862.0,city,365,163,High,31.5,100.0,0,543.38
BMW,2014,electric,10,78755.8,mixed,365,203,,30.9,100.0,1,571.9
BMW,2013,gas,11,199866.3,mixed,180,94,Medium,33.9,100.0,6,931.01
Tesla,2023,gas,1,28171.7,city,365,182,High,28.5,74.0,0,313.31
Ford,2016,diesel,8,138181.0,highway,180,88,High,31.9,100.0,0,599.26
Ford,2021,diesel,3,58650.7,highway,180,168,Low,34.8,83.2,1,811.07
Ford,2014,diesel,10,264688.6,mixed,365,150,High,30.1,100.0,0,424.1
Toyota,2010,diesel,14,139341.4,highway,180,55,High,30.2,100.0,3,808.49
BMW,2018,diesel,6,165205.4,city,365,163,High,34.1,100.0,1,765.29
Ford,2019,electric,5,122411.4,highway,365,317,,35.2,100.0,0,385.21
BMW,2021,electric,3,55934.9,city,365,337,,34.2,100.0,0,363.8
Toyota,2010,diesel,14,137298.9,highway,180,168,Low,38.0,100.0,1,926.93
Tesla,2018,electric,6,210492.7,highway,180,6,,30.6,100.0,1,388.38
BMW,2013,diesel,11,193459.3,highway,180,9,High,32.6,100.0,1,611.17
Toyota,2011,electric,13,349786.0,city,180,100,,29.8,100.0,0,525.7
BMW,2014,electric,10,135416.5,mixed,90,78,,31.6,100.0,0,382.61
BMW,2015,gas,9,249414.1,city,365,162,High,26.4,100.0,2,417.98
BMW,2010,gas,14,407265.0,mixed,365,13,High,31.4,100.0,2,642.63
BMW,2022,electric,2,71088.8,highway,90,22,,40.0,100.0,0,286.11
Toyota,2010,diesel,14,136931.8,highway,180,177,Low,38.7,100.0,4,1017.85
Honda,2012,diesel,12,298301.3,highway,365,337,Low,30.0,100.0,0,595.13
BMW,2021,electric,3,55183.8,city,365,148,,36.8,100.0,1,360.78
BMW,2018,gas,6,165657.3,city,90,38,High,30.6,100.0,1,553.83
Honda,2012,diesel,12,148367.0,mixed,90,76,Low,34.0,100.0,1,716.15
Ford,2014,diesel,10,264347.1,mixed,365,193,Medium,29.4,100.0,0,558.25
Toyota,2017,diesel,7,256865.8,mixed,90,43,High,34.0,100.0,0,488.28
Honda,2015,diesel,9,273701.9,highway,365,338,Low,30.3,100.0,1,495.68
Honda,2013,diesel,11,155924.4,mixed,90,39,High,37.5,100.0,0,644.58
Ford,2015,electric,9,290905.6,highway,180,163,,32.7,100.0,2,347.63
Tesla,2020,gas,4,139919.2,mixed,90,30,High,33.2,100.0,2,569.44
Toyota,2013,gas,11,177630.2,mixed,180,160,Low,33.3,100.0,2,762.93
Tesla,2023,diesel,1,21333.2,mixed,180,104,Medium,31.6,37.9,0,233.51
Ford,2020,gas,4,115096.0,highway,365,314,Low,30.6,100.0,1,657.34
Honda,2014,diesel,10,184747.1,city,180,130,Medium,29.6,100.0,0,504.63
Honda,2020,diesel,4,47618.4,city,365,278,Low,33.4,100.0,1,788.84
BMW,2018,diesel,6,165791.7,city,365,100,High,29.5,100.0,0,816.1
Tesla,2012,diesel,12,392336.7,city,365,145,High,32.5,100.0,1,647.5
Tesla,2020,gas,4,142055.3,mixed,90,8,High,35.5,100.0,0,520.58
Chevrolet,2013,diesel,11,368147.1,mixed,365,15,High,36.9,100.0,1,689.31
Chevrolet,2010,gas,14,336006.3,highway,90,86,Low,30.9,100.0,1,737.95
Tesla,2018,diesel,6,196987.4,highway,90,59,Medium,34.4,100.0,0,600.9
BMW,2011,diesel,13,317934.7,mixed,365,57,High,39.2,100.0,2,735.7
Chevrolet,2013,diesel,11,369635.4,mixed,365,90,High,33.2,100.0,1,668.89
BMW,2012,diesel,12,340672.5,highway,365,245,Medium,29.1,100.0,2,639.06
Honda,2019,electric,5,106420.3,highway,365,10,,36.5,100.0,0,310.56
BMW,2010,diesel,14,245709.1,mixed,90,86,Low,35.7,100.0,2,807.56
BMW,2010,diesel,14,157048.5,highway,180,145,Low,26.7,100.0,0,810.29
Tesla,2017,gas,7,58485.9,mixed,365,136,High,27.1,100.0,1,467.4
Tesla,2017,gas,7,58260.3,mixed,365,360,Low,33.0,100.0,1,471.32
Toyota,2010,diesel,14,506378.3,mixed,90,42,High,32.6,100.0,2,799.46
Toyota,2012,diesel,12,88380.1,highway,180,153,Low,31.6,100.0,2,660.74
Tesla,2012,gas,12,206972.9,mixed,180,41,High,29.3,100.0,1,574.28
Honda,2023,gas,1,26990.0,city,365,197,Medium,30.0,65.9,0,276.21
Tesla,2017,gas,7,57476.5,mixed,365,215,Medium,33.1,100.0,1,525.06
Tesla,2018,gas,6,197971.1,highway,365,183,Medium,31.0,100.0,1,727.26
Ford,2015,diesel,9,314459.4,mixed,180,66,High,37.8,100.0,1,689.54
Honda,2019,electric,5,104954.0,highway,365,44,,30.6,100.0,0,345.39
Honda,2016,electric,8,146363.7,highway,365,204,,28.5,100.0,1,431.45
Ford,2013,diesel,11,249292.0,highway,365,327,Low,32.2,100.0,1,884.51
Chevrolet,2015,diesel,9,93415.4,highway,180,104,Medium,35.5,100.0,2,724.14
BMW,2012,gas,12,318935.2,mixed,180,125,Medium,32.7,100.0,2,671.94
Toyota,2018,gas,6,78918.1,highway,90,7,High,34.3,100.0,0,367.53
Honda,2012,gas,12,428587.1,highway,365,219,Medium,34.1,100.0,0,528.44
Tesla,2022,electric,2,27446.4,highway,90,20,,30.2,46.7,0,133.81
Tesla,2020,gas,4,39958.1,highway,365,91,High,25.9,50.7,0,190.05
Tesla,2020,gas,4,140568.4,mixed,90,77,Low,30.8,100.0,0,551.15
Ford,2022,gas,2,27629.2,mixed,180,139,Low,38.7,57.9,0,166.37
Honda,2023,gas,1,29091.2,city,365,14,High,33.2,81.4,0,378.78
Tesla,2023,electric,1,34171.1,city,365,294,,37.9,93.5,0,270.31
Toyota,2010,diesel,14,506207.9,mixed,90,36,High,31.7,100.0,1,773.86
Toyota,2015,gas,9,167977.7,mixed,90,49,Medium,35.4,100.0,2,651.17
Tesla,2011,gas,13,475374.2,city,180,110,Medium,30.1,100.0,2,427.34
Chevrolet,2017,diesel,7,109206.6,city,180,107,Medium,35.6,100.0,0,549.15
Toyota,2015,gas,9,166692.1,mixed,90,42,High,37.5,100.0,1,548.58
Chevrolet,2017,diesel,7,132274.2,city,365,233,Medium,30.1,100.0,1,620.52
Ford,2011,gas,13,150519.8,highway,180,167,Low,26.2,100.0,0,535.79
Chevrolet,2010,diesel,14,408516.9,mixed,180,82,High,30.1,100.0,2,704.36
Chevrolet,2015,diesel,9,204114.6,highway,365,51,High,32.4,100.0,0,645.21
Chevrolet,2019,gas,5,88477.5,highway,365,345,Low,26.9,100.0,1,699.2
Chevrolet,2015,electric,9,258780.3,highway,90,36,,33.0,100.0,1,476.83
Tesla,2018,electric,6,116327.5,mixed,365,348,,36.3,100.0,0,408.81
Honda,2018,diesel,6,79596.0,highway,90,27,High,32.0,100.0,0,576.11
Ford,2022,electric,2,68831.4,mixed,90,32,,33.7,100.0,0,324.12
Tesla,2019,diesel,5,113246.2,city,90,80,Low,29.7,100.0,0,693.06
BMW,2013,gas,11,200031.6,mixed,180,128,Medium,40.0,100.0,2,667.13
Chevrolet,2011,diesel,13,276314.5,mixed,180,59,High,32.8,100.0,1,446.75
Tesla,2010,diesel,14,388974.0,city,365,261,Medium,34.2,100.0,0,690.46
Chevrolet,2020,electric,4,91157.4,city,90,25,,29.7,100.0,1,312.1
Tesla,2018,diesel,6,206487.3,mixed,365,142,High,35.3,100.0,0,687.37
Chevrolet,2015,diesel,9,237026.6,highway,365,26,High,33.7,100.0,0,681.56
BMW,2015,diesel,9,149603.8,mixed,365,82,High,30.4,100.0,1,695.27
Honda,2016,electric,8,149159.8,highway,365,244,,29.2,100.0,0,289.39
Chevrolet,2017,diesel,7,119267.9,mixed,180,73,High,36.1,100.0,0,527.56
Honda,2019,electric,5,43293.1,highway,365,127,,32.0,63.2,2,433.68
Tesla,2012,diesel,12,392713.7,city,365,307,Low,28.3,100.0,0,877.07
Ford,2012,electric,12,327279.5,mixed,180,24,,33.2,100.0,0,300.84
Chevrolet,2010,gas,14,336712.7,highway,90,36,High,33.0,100.0,1,531.14
BMW,2013,gas,11,200955.6,mixed,180,115,Medium,29.4,100.0,1,574.06
Toyota,2010,diesel,14,138291.2,highway,180,35,High,32.0,100.0,4,935.94
BMW,2017,electric,7,128692.3,highway,180,44,,38.7,100.0,0,459.19
Chevrolet,2015,electric,9,260319.1,highway,90,30,,29.1,100.0,0,487.97
Chevrolet,2019,gas,5,126176.9,highway,365,143,High,35.6,100.0,0,392.63
Honda,2015,gas,9,292511.9,mixed,90,52,Medium,38.7,100.0,0,486.88
BMW,2010,gas,14,408119.0,mixed,365,195,Medium,33.9,100.0,0,484.67
Ford,2016,diesel,8,136457.0,highway,180,112,Medium,38.3,100.0,0,644.94
Chevrolet,2014,diesel,10,191120.8,city,180,35,High,34.3,100.0,1,615.35
Ford,2010,gas,14,316597.8,city,365,285,Low,32.8,100.0,1,562.89
Tesla,2012,electric,12,130923.0,highway,365,156,,30.9,100.0,1,518.84
BMW,2021,electric,3,56047.7,city,365,62,,29.2,100.0,1,471.72
Honda,2014,gas,10,119630.3,mixed,365,250,Medium,38.2,100.0,0,502.96
Tesla,2011,gas,13,474678.6,city,180,95,Medium,31.9,100.0,1,588.31
Chevrolet,2015,diesel,9,205013.5,highway,365,90,High,35.0,100.0,0,591.52
Honda,2012,diesel,12,147780.3,mixed,90,29,High,31.8,100.0,1,619.99
Ford,2012,electric,12,328169.6,mixed,180,112,,36.5,100.0,2,463.43
BMW,2016,diesel,8,267556.5,mixed,90,51,Medium,28.9,100.0,1,623.53
Ford,2010,gas,14,316581.7,city,365,77,High,35.6,100.0,1,431.8
Chevrolet,2010,diesel,14,408401.1,mixed,180,159,Low,31.7,100.0,1,745.56
Honda,2019,electric,5,41000.3,highway,365,114,,37.0,55.0,0,171.73
Toyota,2023,gas,1,13947.7,mixed,90,70,Low,33.9,23.3,0,205.01
BMW,2016,gas,8,260330.9,mixed,365,37,High,34.6,100.0,1,547.56
Tesla,2014,diesel,10,211283.4,city,180,106,Medium,32.8,100.0,0,453.11
Ford,2012,diesel,12,284902.3,city,365,144,High,28.6,100.0,3,877.41
Honda,2021,gas,3,101965.3,highway,90,40,High,34.4,100.0,1,402.93
Ford,2010,gas,14,316631.9,city,365,69,High,33.4,100.0,0,312.42
Ford,2013,diesel,11,169011.4,highway,90,14,High,34.9,100.0,1,549.24
BMW,2012,gas,12,319380.4,mixed,180,177,Low,29.2,100.0,4,847.75
Ford,2014,diesel,10,267482.9,mixed,365,308,Low,35.0,100.0,0,475.77
Tesla,2012,gas,12,205995.1,mixed,180,61,High,34.9,100.0,4,795.28
Tesla,2015,electric,9,198437.8,mixed,90,60,,30.3,100.0,1,427.2
Honda,2022,diesel,2,70227.0,mixed,365,220,Medium,35.6,100.0,0,447.1
Tesla,2010,gas,14,199598.3,mixed,180,171,Low,30.2,100.0,2,969.7
Chevrolet,2017,diesel,7,120987.1,mixed,180,58,High,36.1,100.0,0,555.41
BMW,2014,electric,10,76690.6,mixed,365,343,,34.9,100.0,2,550.8
Honda,2013,diesel,11,133959.5,city,180,2,High,25.0,100.0,3,900.49
Ford,2016,gas,8,170969.3,highway,180,157,Low,29.9,100.0,1,617.26
Honda,2022,electric,2,48306.3,highway,180,141,,32.0,69.1,0,265.24
Honda,2011,diesel,13,289755.0,mixed,180,103,Medium,33.1,100.0,2,780.25
Honda,2021,electric,3,97270.8,highway,90,40,,34.4,100.0,0,469.64
Chevrolet,2014,diesel,10,189946.6,city,180,163,Low,34.5,100.0,1,736.59
Honda,2022,diesel,2,69565.9,mixed,365,160,High,29.3,100.0,0,491.0
BMW,2015,diesel,9,150415.5,mixed,365,275,Low,40.0,100.0,3,968.65
Toyota,2020,electric,4,130157.8,city,365,85,,33.8,100.0,0,396.51
Ford,2015,diesel,9,316708.4,mixed,180,158,Low,34.0,100.0,1,674.73
BMW,2017,electric,7,126494.7,highway,180,80,,27.2,100.0,2,544.24
BMW,2011,diesel,13,316173.6,mixed,365,188,Medium,34.2,100.0,1,533.69
Honda,2013,gas,11,253689.4,city,365,161,High,30.0,100.0,0,480.32
BMW,2020,electric,4,65293.1,highway,180,1,,34.0,88.7,0,380.23
Chevrolet,2014,diesel,10,330919.9,mixed,365,172,High,36.6,100.0,0,563.89
Honda,2014,diesel,10,185544.1,city,180,141,Low,34.8,100.0,1,648.96
Tesla,2022,electric,2,29174.2,highway,90,80,,29.6,38.3,1,199.82
Chevrolet,2021,diesel,3,106897.1,highway,90,77,Low,25.0,100.0,0,715.13
Chevrolet,2020,gas,4,120383.7,mixed,180,115,Medium,33.4,100.0,1,359.87
Tesla,2011,gas,13,474321.4,city,180,25,High,33.8,100.0,1,644.27
BMW,2013,gas,11,198690.8,mixed,180,14,High,35.9,100.0,1,575.67
BMW,2015,gas,9,164809.3,mixed,180,44,High,35.6,100.0,1,664.1
Ford,2012,diesel,12,285272.0,city,365,289,Low,32.0,100.0,2,905.43
Ford,2022,gas,2,69499.4,highway,90,10,High,26.2,97.6,0,393.02
Toyota,2023,gas,1,14465.5,mixed,90,68,Low,33.9,18.9,0,136.88
BMW,2021,electric,3,55859.8,city,365,274,,28.8,100.0,0,388.74
Honda,2012,diesel,12,360556.9,highway,90,19,High,27.8,100.0,0,520.08
Tesla,2010,gas,14,198936.1,mixed,180,66,High,35.8,100.0,0,560.99
Ford,2015,electric,9,231388.5,mixed,90,66,,35.1,100.0,1,403.43
Toyota,2010,diesel,14,506578.6,mixed,90,24,High,32.0,100.0,0,518.68
Ford,2014,gas,10,278101.3,mixed,365,80,High,25.2,100.0,2,584.03
BMW,2010,gas,14,408514.1,mixed,365,166,High,34.3,100.0,3,718.57
BMW,2015,gas,9,164846.4,mixed,180,116,Medium,35.4,100.0,3,839.29
Honda,2021,gas,3,101777.4,highway,90,11,High,32.0,100.0,0,374.74
Tesla,2013,diesel,11,138859.7,mixed,365,347,Low,31.3,100.0,3,678.6
Honda,2023,gas,1,28377.2,city,365,233,Medium,32.5,72.2,0,405.14
Ford,2015,electric,9,292217.2,highway,180,169,,31.0,100.0,0,275.94
Ford,2016,electric,8,196244.1,highway,365,89,,36.8,100.0,0,323.0
BMW,2019,electric,5,150286.4,city,180,144,,30.8,100.0,0,350.77
Tesla,2012,gas,12,207724.4,mixed,180,68,High,33.2,100.0,1,572.16
Chevrolet,2023,electric,1,10355.7,mixed,90,60,,36.8,24.9,0,72.51
Tesla,2018,diesel,6,207425.4,mixed,365,341,Low,34.0,100.0,4,1033.85
Toyota,2018,gas,6,76536.9,highway,90,25,High,35.7,100.0,0,407.73
Tesla,2023,gas,1,27232.3,city,365,36,High,33.0,63.9,1,451.34
Chevrolet,2015,diesel,9,161056.8,city,90,1,High,30.9,100.0,1,620.81
BMW,2019,electric,5,149533.7,city,180,155,,34.7,100.0,1,391.99
Chevrolet,2015,electric,9,259310.4,highway,90,78,,36.5,100.0,0,440.73
Ford,2022,diesel,2,37707.2,highway,90,20,High,32.1,52.4,1,215.73
Ford,2015,diesel,9,314981.0,mixed,180,85,High,32.9,100.0,0,538.87
Honda,2022,electric,2,49535.2,highway,180,94,,30.8,72.4,1,465.16
Chevrolet,2010,gas,14,336354.8,highway,90,18,High,34.0,100.0,1,606.2
Tesla,2023,gas,1,27412.1,city,365,44,High,28.3,70.0,0,225.53
Tesla,2010,gas,14,260540.7,city,90,52,Medium,28.7,100.0,0,382.21
Tesla,2015,gas,9,84413.6,mixed,180,117,Medium,32.0,100.0,1,503.39
Tesla,2020,gas,4,141392.4,mixed,90,35,High,32.9,100.0,0,443.07
Chevrolet,2017,diesel,7,119825.5,mixed,180,64,High,29.0,100.0,2,663.19
Toyota,2013,gas,11,178014.6,mixed,180,151,Low,34.8,100.0,1,637.98
Chevrolet,2021,diesel,3,94191.2,mixed,180,129,Medium,33.7,100.0,0,573.78
Honda,2014,gas,10,94599.4,mixed,180,60,High,34.2,100.0,1,577.08
BMW,2015,gas,9,251118.6,city,365,79,High,36.5,100.0,1,470.03
Tesla,2018,diesel,6,208105.1,mixed,365,154,High,31.2,100.0,0,476.88
Honda,2013,gas,11,360464.9,city,90,4,High,26.5,100.0,0,530.36
Chevrolet,2010,electric,14,272278.6,mixed,90,4,,35.0,100.0,0,298.83
BMW,2019,electric,5,151200.2,city,180,159,,30.9,100.0,0,441.41
Tesla,2017,gas,7,59449.9,mixed,365,200,Medium,32.7,100.0,1,404.97
BMW,2012,gas,12,372085.8,city,90,78,Low,32.5,100.0,0,542.94
Honda,2013,diesel,11,156859.7,mixed,90,7,High,25.0,100.0,0,582.04
BMW,2023,diesel,1,35323.2,mixed,90,54,Medium,32.8,70.8,0,348.03
Honda,2022,electric,2,49127.0,mixed,365,107,,39.7,98.7,0,426.56
Toyota,2020,gas,4,102134.3,city,365,283,Low,32.3,100.0,0,416.38
Toyota,2013,electric,11,263705.3,mixed,180,116,,37.2,100.0,0,425.54
Ford,2022,gas,2,29592.9,mixed,180,116,Medium,29.9,67.1,0,294.07
Tesla,2015,gas,9,86308.3,mixed,180,171,Low,30.9,100.0,0,402.85
Chevrolet,2017,diesel,7,130682.6,city,365,135,High,29.4,100.0,2,645.55
Tesla,2019,gas,5,169506.4,city,180,160,Low,31.3,100.0,0,540.69
Tesla,2020,gas,4,39803.8,highway,365,352,Low,33.9,61.0,1,516.14
Tesla,2011,gas,13,279697.0,city,365,43,High,33.6,100.0,1,709.84
Toyota,2011,electric,13,186084.7,mixed,90,76,,29.4,100.0,2,459.65
Tesla,2014,electric,10,320033.9,highway,180,55,,35.4,100.0,0,316.19
BMW,2019,electric,5,149825.6,city,180,7,,37.9,100.0,0,293.82
Honda,2013,diesel,11,132228.7,city,180,156,Low,31.5,100.0,0,740.09
Ford,2019,electric,5,125140.5,highway,365,315,,25.5,100.0,0,447.0
Toyota,2010,diesel,14,147785.4,mixed,90,7,High,35.1,100.0,0,717.95
Tesla,2018,electric,6,115025.9,mixed,365,238,,36.4,100.0,1,462.06
BMW,2015,gas,9,165310.6,mixed,180,117,Medium,29.9,100.0,2,843.93
BMW,2013,diesel,11,192527.6,highway,180,140,Low,30.0,100.0,0,667.23
Honda,2013,electric,11,289830.3,mixed,365,221,,31.2,100.0,0,323.59
Honda,2021,diesel,3,98219.9,mixed,180,128,Medium,31.3,100.0,0,557.99
BMW,2018,diesel,6,164269.1,city,365,216,Medium,32.3,100.0,1,802.31
BMW,2013,gas,11,117789.4,mixed,365,273,Medium,34.1,100.0,1,701.61
Honda,2013,gas,11,359233.0,city,90,58,Medium,37.5,100.0,0,583.96
Tesla,2011,gas,13,260486.2,city,90,77,Low,35.6,100.0,2,651.71
BMW,2012,gas,12,371240.1,city,90,2,High,30.4,100.0,1,527.18
Honda,2012,gas,12,110140.9,city,180,24,High,39.2,100.0,1,554.22
Ford,2019,diesel,5,44617.4,mixed,180,95,Medium,31.9,85.0,0,668.25
Toyota,2011,electric,13,350574.5,city,180,78,,39.0,100.0,0,450.26
Chevrolet,2015,diesel,9,160490.4,city,90,47,Medium,37.5,100.0,1,609.99
Honda,2013,electric,11,289265.1,mixed,365,332,,29.4,100.0,0,432.4
Tesla,2018,electric,6,209152.3,highway,180,155,,31.0,100.0,1,376.58
Honda,2012,diesel,12,359294.6,highway,90,5,High,36.4,100.0,0,515.27
Toyota,2011,gas,13,233026.2,mixed,365,147,High,33.6,100.0,0,460.77
Chevrolet,2023,electric,1,8094.3,mixed,365,352,,30.4,12.9,0,151.0
Tesla,2015,electric,9,198519.8,mixed,90,8,,27.1,100.0,0,396.14
Ford,2016,diesel,8,136472.7,highway,180,163,Low,37.5,100.0,3,1003.24
Toyota,2019,electric,5,112413.7,mixed,90,54,,30.9,100.0,0,448.72
Tesla,2015,gas,9,87077.4,mixed,180,33,High,37.2,100.0,0,540.48
Tesla,2019,diesel,5,110961.1,city,90,14,High,33.7,100.0,0,618.93
Chevrolet,2011,diesel,13,275547.0,mixed,180,95,Medium,30.8,100.0,5,878.19
Toyota,2015,gas,9,166578.8,mixed,90,73,Low,30.1,100.0,1,655.0
Ford,2019,gas,5,50989.8,city,365,358,Low,33.2,100.0,0,572.57
Chevrolet,2021,diesel,3,93538.7,mixed,180,75,High,32.8,100.0,0,514.19
Ford,2014,gas,10,272180.0,mixed,365,184,Medium,26.8,100.0,1,434.14
Chevrolet,2015,electric,9,232123.2,mixed,90,5,,35.8,100.0,2,401.05
Tesla,2017,diesel,7,201221.3,city,180,121,Medium,38.4,100.0,0,799.59
Honda,2014,gas,10,96781.1,mixed,180,178,Low,32.9,100.0,0,435.01
Toyota,2015,gas,9,167924.9,mixed,90,65,Medium,32.3,100.0,1,626.9
Honda,2022,diesel,2,53762.0,city,90,36,High,30.3,100.0,0,701.11
Toyota,2010,diesel,14,505380.3,mixed,90,20,High,37.7,100.0,3,890.19
Honda,2019,electric,5,104643.6,highway,365,12,,35.3,100.0,1,413.88
Honda,2012,gas,12,429841.7,highway,365,180,High,37.9,100.0,1,409.96
Toyota,2010,diesel,14,149046.9,mixed,90,19,High,35.4,100.0,2,896.06
Ford,2022,diesel,2,29518.0,mixed,365,258,Medium,29.8,63.6,0,460.13
Chevrolet,2015,electric,9,260045.5,highway,90,12,,40.0,100.0,0,403.5
Tesla,2010,gas,14,199719.1,mixed,180,32,High,30.2,100.0,3,778.13
Toyota,2013,electric,11,264901.7,mixed,180,58,,37.4,100.0,1,508.08
Honda,2015,gas,9,291660.9,mixed,90,23,High,35.5,100.0,0,319.9
Toyota,2010,diesel,14,149880.2,mixed,90,8,High,35.3,100.0,2,796.34
Ford,2015,electric,9,230219.9,mixed,90,3,,34.7,100.0,0,303.6
BMW,2023,diesel,1,35754.5,mixed,90,34,High,40.0,75.6,0,314.67
Chevrolet,2014,diesel,10,190001.4,city,180,176,Low,34.6,100.0,1,806.74
Honda,2012,gas,12,110375.9,city,180,58,High,33.0,100.0,1,554.58
BMW,2011,gas,13,389678.2,city,365,53,High,30.3,100.0,0,370.97
Honda,2021,electric,3,98455.1,highway,90,56,,36.8,100.0,0,327.53
BMW,2023,diesel,1,35873.9,mixed,90,62,Medium,33.9,65.4,0,278.57
Chevrolet,2023,diesel,1,13026.7,highway,180,152,Low,30.1,13.5,0,344.42
BMW,2013,diesel,11,100067.1,mixed,180,173,Low,30.9,100.0,2,950.35
BMW,2011,gas,13,421301.3,city,90,55,Medium,34.3,100.0,0,474.92
Toyota,2011,electric,13,351598.6,city,180,128,,35.5,100.0,0,350.0
Toyota,2017,diesel,7,245322.5,highway,365,115,High,34.2,100.0,0,404.44
BMW,2016,electric,8,195894.6,city,365,190,,33.0,100.0,0,566.87
Honda,2016,electric,8,147972.7,highway,365,167,,33.3,100.0,0,294.77
Ford,2015,diesel,9,315438.9,mixed,180,161,Low,33.9,100.0,1,791.84
Tesla,2014,diesel,10,209322.1,city,180,166,Low,34.9,100.0,2,806.98
Honda,2014,diesel,10,209446.6,mixed,180,160,Low,37.5,100.0,2,704.02
Toyota,2015,gas,9,166504.8,mixed,90,57,Medium,34.7,100.0,1,544.82
Chevrolet,2023,electric,1,23838.1,city,180,64,,32.0,56.2,0,126.67
Chevrolet,2013,diesel,11,368265.2,mixed,365,336,Low,34.0,100.0,0,600.09
Honda,2014,diesel,10,187763.6,city,180,162,Low,32.5,100.0,1,712.91
Tesla,2011,gas,13,261243.3,city,90,44,High,32.7,100.0,2,766.88
Honda,2013,gas,11,360794.7,city,90,61,Medium,35.6,100.0,0,600.65
Honda,2021,electric,3,98681.4,highway,90,15,,31.3,100.0,0,347.89
Honda,2020,diesel,4,131648.9,city,180,118,Medium,35.6,100.0,0,436.27
Honda,2011,electric,13,347464.1,mixed,365,119,,27.7,100.0,1,320.38
BMW,2013,diesel,11,99725.4,mixed,180,37,High,33.0,100.0,2,863.38
Honda,2022,diesel,2,70375.5,mixed,365,29,High,34.4,100.0,1,593.53
Chevrolet,2015,electric,9,259400.7,highway,90,28,,32.8,100.0,1,464.71
Toyota,2020,gas,4,102316.1,city,365,334,Low,29.2,100.0,0,657.04
Honda,2013,diesel,11,132094.5,city,180,3,High,30.4,100.0,0,736.62
Toyota,2011,electric,13,352550.2,city,180,168,,34.2,100.0,1,477.59
Ford,2011,gas,13,150122.8,highway,180,148,Low,35.6,100.0,4,761.92
Honda,2011,diesel,13,289605.3,mixed,180,158,Low,35.0,100.0,2,976.56
BMW,2022,electric,2,69102.7,highway,90,66,,30.5,100.0,0,366.7
Toyota,2010,diesel,14,423868.1,city,90,34,High,32.5,100.0,2,796.46
BMW,2013,diesel,11,192680.1,highway,180,41,High,31.8,100.0,0,622.2
BMW,2014,electric,10,75918.8,mixed,365,344,,32.5,100.0,1,479.07
Toyota,2023,gas,1,13345.6,mixed,90,20,High,34.0,21.9,0,174.13
Toyota,2010,diesel,14,148894.6,mixed,90,68,Low,37.6,100.0,0,621.09
Tesla,2014,electric,10,319166.1,highway,180,168,,32.4,100.0,1,487.33
Chevrolet,2023,diesel,1,12359.4,highway,180,104,Medium,34.2,21.4,0,117.16
Tesla,2019,diesel,5,112052.1,city,90,69,Low,31.4,100.0,1,786.51
Honda,2012,diesel,12,149851.0,mixed,90,14,High,31.3,100.0,1,644.86
Ford,2019,gas,5,51632.4,city,365,78,High,34.0,100.0,1,585.26
Toyota,2013,electric,11,266089.4,mixed,180,169,,32.8,100.0,1,434.29
Tesla,2020,gas,4,142814.6,mixed,90,49,Medium,36.9,100.0,0,465.27
Chevrolet,2023,electric,1,7968.6,mixed,365,61,,30.0,11.0,0,84.86
Tesla,2023,diesel,1,20894.4,mixed,180,162,Low,32.9,37.7,0,402.07
BMW,2013,gas,11,198949.3,mixed,180,58,High,31.9,100.0,0,447.92
Chevrolet,2017,gas,7,201759.4,mixed,90,65,Medium,29.1,100.0,0,411.72
Tesla,2014,diesel,10,211995.7,city,180,171,Low,32.9,100.0,0,604.69
Toyota,2023,gas,1,13611.1,mixed,90,74,Low,25.7,30.3,0,103.13
BMW,2023,diesel,1,34546.1,mixed,90,16,High,27.0,71.5,0,429.84
Tesla,2011,gas,13,280879.2,city,365,68,High,32.9,100.0,0,601.0
BMW,2010,diesel,14,248240.9,mixed,90,14,High,36.2,100.0,2,608.59
Chevrolet,2021,diesel,3,104370.4,highway,90,24,High,33.0,100.0,0,560.29
Tesla,2012,gas,12,205402.6,mixed,180,75,High,35.4,100.0,1,555.78
Toyota,2013,electric,11,265525.2,mixed,180,106,,29.3,100.0,2,500.46
Tesla,2013,diesel,11,141148.9,mixed,365,167,High,31.5,100.0,1,579.92
BMW,2018,diesel,6,164424.8,city,365,78,High,30.6,100.0,1,615.1
BMW,2015,gas,9,164013.6,mixed,180,156,Low,38.5,100.0,0,641.58
Honda,2015,gas,9,291471.0,mixed,90,60,Medium,33.9,100.0,2,525.71
Honda,2022,diesel,2,52251.1,city,90,25,High,33.6,100.0,2,865.63
Chevrolet,2021,diesel,3,104323.6,highway,90,19,High,29.5,100.0,1,779.97
Tesla,2014,electric,10,322368.1,highway,180,68,,30.4,100.0,0,397.74
BMW,2021,electric,3,57678.9,city,365,211,,31.1,100.0,0,348.02
Tesla,2019,gas,5,167701.3,city,180,1,High,39.4,100.0,1,510.65
Honda,2022,diesel,2,70288.0,mixed,365,160,High,37.2,100.0,0,470.73
Toyota,2010,diesel,14,424577.0,city,90,42,High,36.7,100.0,2,811.12
Honda,2023,diesel,1,9995.3,mixed,180,108,Medium,35.1,19.3,0,99.52
Toyota,2013,gas,11,175036.3,mixed,180,146,Low,36.1,100.0,5,1011.63
Tesla,2018,gas,6,196872.3,highway,365,197,Medium,33.8,100.0,2,617.19
Honda,2019,electric,5,105022.7,highway,365,324,,32.2,100.0,0,337.34
Ford,2022,diesel,2,30231.9,mixed,365,133,High,36.8,57.5,1,223.49
Tesla,2010,gas,14,198288.0,mixed,180,85,High,38.4,100.0,0,503.15
Tesla,2011,gas,13,473703.4,city,180,57,High,34.0,100.0,0,395.53
Ford,2013,diesel,11,169193.6,highway,90,8,High,28.3,100.0,1,630.77
Honda,2012,diesel,12,300567.4,highway,365,23,High,38.7,100.0,1,605.76
BMW,2016,electric,8,197526.0,city,365,315,,36.9,100.0,0,366.57
Honda,2020,diesel,4,132196.1,city,180,17,High,35.7,100.0,1,722.96
Toyota,2023,gas,1,14857.9,mixed,90,83,Low,34.9,32.2,0,239.4
Honda,2021,electric,3,97359.8,highway,90,61,,31.2,100.0,1,389.97
Tesla,2017,gas,7,59768.0,mixed,365,164,High,35.2,100.0,0,397.63
BMW,2010,electric,14,152170.3,highway,365,356,,34.4,100.0,0,412.51
Chevrolet,2011,gas,13,228613.4,mixed,365,30,High,28.0,100.0,2,587.86
Ford,2022,electric,2,69315.9,mixed,90,16,,33.8,100.0,0,495.82
Ford,2013,diesel,11,167817.5,highway,90,61,Medium,29.4,100.0,2,591.93
Ford,2012,electric,12,327959.9,mixed,180,24,,33.3,100.0,1,358.54
Ford,2021,diesel,3,60053.8,highway,180,172,Low,25.7,80.0,0,605.84
Chevrolet,2018,electric,6,141401.2,highway,365,298,,31.7,100.0,0,451.93
Toyota,2020,gas,4,103301.8,city,365,189,Medium,29.8,100.0,1,648.7
Tesla,2020,gas,4,141823.4,mixed,90,63,Medium,28.3,100.0,0,432.82
Ford,2022,gas,2,29271.9,mixed,180,154,Low,37.1,62.2,0,499.43
Toyota,2020,gas,4,104655.7,city,365,274,Low,32.3,100.0,0,610.57
Ford,2015,electric,9,227048.9,mixed,90,64,,35.3,100.0,0,386.32
Honda,2021,electric,3,97567.1,highway,90,13,,36.8,100.0,0,428.24
Chevrolet,2013,electric,11,144099.4,mixed,365,75,,35.1,100.0,1,331.63
Toyota,2020,electric,4,128656.5,city,365,63,,34.4,100.0,0,482.05
Chevrolet,2023,diesel,1,12681.2,highway,180,30,High,36.2,13.0,0,271.0
Toyota,2019,electric,5,111992.5,mixed,90,23,,31.9,100.0,0,309.19
Ford,2010,gas,14,316504.3,city,365,31,High,36.4,100.0,1,470.2
Tesla,2018,gas,6,197327.5,highway,365,111,High,33.8,100.0,2,777.23
Honda,2020,diesel,4,38611.3,city,90,80,Low,33.6,89.9,0,612.48
Honda,2021,diesel,3,98160.3,mixed,180,104,Medium,34.4,100.0,0,564.33
Toyota,2017,diesel,7,111262.8,highway,90,87,Low,38.3,100.0,0,732.17
BMW,2020,electric,4,65517.2,highway,180,94,,31.6,93.2,1,442.67
BMW,2015,gas,9,165189.6,mixed,180,117,Medium,26.5,100.0,1,724.45
Toyota,2020,electric,4,128465.9,city,365,201,,29.9,100.0,0,418.38
BMW,2011,gas,13,423568.8,city,90,58,Medium,35.2,100.0,1,446.89
Ford,2016,electric,8,196725.9,highway,365,171,,31.1,100.0,1,449.27
Ford,2022,gas,2,29560.5,mixed,180,38,High,33.0,54.1,1,229.32
Chevrolet,2023,electric,1,24670.1,city,180,119,,37.3,58.1,0,149.69
Chevrolet,2023,electric,1,8708.1,mixed,90,85,,32.8,7.8,0,103.72
Chevrolet,2023,diesel,1,12275.4,highway,180,71,High,30.7,18.7,1,122.52
Toyota,2019,electric,5,112145.2,mixed,90,72,,36.9,100.0,0,300.26
Ford,2021,diesel,3,60384.6,highway,180,164,Low,30.2,89.3,1,888.69
Ford,2021,diesel,3,58065.9,highway,180,63,High,33.4,83.4,2,895.55
Tesla,2014,gas,10,254209.0,highway,90,48,Medium,37.0,100.0,0,526.48
BMW,2010,electric,14,154215.1,highway,365,114,,32.4,100.0,2,550.55
Toyota,2010,diesel,14,423819.9,city,90,51,Medium,32.6,100.0,4,1118.55
Tesla,2022,electric,2,19150.5,mixed,365,133,,30.7,35.4,1,118.56
Honda,2021,electric,3,96704.3,highway,90,17,,29.7,100.0,0,409.24
Honda,2020,diesel,4,39801.1,city,90,10,High,34.7,100.0,0,487.76
Honda,2018,diesel,6,79154.6,highway,90,64,Medium,39.0,100.0,0,442.61
Chevrolet,2017,diesel,7,110956.1,city,180,63,High,36.9,100.0,0,520.17
Tesla,2020,gas,4,141224.6,mixed,90,60,Medium,33.0,100.0,0,502.15
Toyota,2015,gas,9,168209.4,mixed,90,77,Low,33.8,100.0,0,625.51
Honda,2022,diesel,2,51320.4,city,90,31,High,35.5,100.0,0,678.4
Honda,2021,gas,3,104519.7,highway,90,86,Low,31.3,100.0,0,406.03
Chevrolet,2021,diesel,3,106105.5,highway,90,33,High,31.1,100.0,0,654.34
Tesla,2010,gas,14,259830.9,city,90,73,Low,29.0,100.0,3,690.87
Tesla,2015,gas,9,275138.4,mixed,180,53,High,32.3,100.0,2,640.87
BMW,2023,diesel,1,35899.9,mixed,90,85,Low,31.2,66.4,0,460.78
BMW,2019,electric,5,148330.4,city,180,176,,30.7,100.0,1,468.44
Honda,2012,diesel,12,299470.7,highway,365,204,Medium,32.5,100.0,4,901.58
Ford,2014,diesel,10,266143.2,mixed,365,57,High,30.3,100.0,1,539.61
Honda,2020,diesel,4,39248.0,city,90,71,Low,29.8,100.0,1,723.07
BMW,2011,gas,13,422780.3,city,90,84,Low,29.7,100.0,0,434.07
Tesla,2017,diesel,7,198335.0,city,180,163,Low,38.7,100.0,0,749.74
Ford,2019,electric,5,124392.6,highway,365,45,,26.7,100.0,1,437.62
Tesla,2010,diesel,14,388151.5,city,365,25,High,32.5,100.0,2,686.53
Toyota,2023,gas,1,14617.7,mixed,90,33,High,34.0,31.4,0,125.18
Honda,2019,electric,5,40988.8,highway,365,22,,34.6,51.8,1,138.93
Chevrolet,2013,diesel,11,368754.0,mixed,365,44,High,32.0,100.0,0,631.49
Tesla,2020,gas,4,141840.9,mixed,90,70,Low,36.0,100.0,2,757.01
Toyota,2011,electric,13,350561.9,city,180,147,,34.8,100.0,2,629.86
Chevrolet,2018,electric,6,139912.9,highway,365,67,,30.9,100.0,1,472.47
BMW,2021,electric,3,57073.1,city,365,74,,29.7,100.0,1,399.23
Ford,2022,gas,2,71137.3,highway,90,68,Low,38.2,100.0,0,526.43
BMW,2014,electric,10,75863.9,mixed,365,23,,30.3,100.0,3,696.34
Tesla,2023,diesel,1,20159.4,mixed,180,5,High,33.1,40.4,0,205.35
Honda,2019,electric,5,41487.4,highway,365,322,,39.8,56.3,0,112.57
Tesla,2012,diesel,12,394343.8,city,365,130,High,36.6,100.0,1,555.74
BMW,2013,electric,11,155616.9,highway,90,83,,32.4,100.0,1,490.07
BMW,2019,electric,5,151229.9,city,180,154,,31.8,100.0,0,352.72
Honda,2014,gas,10,119528.0,mixed,365,319,Low,30.7,100.0,3,858.94
Toyota,2013,gas,11,177272.2,mixed,180,103,Medium,32.3,100.0,3,769.96
Chevrolet,2011,electric,13,269708.9,mixed,365,35,,31.3,100.0,2,409.45
Chevrolet,2013,electric,11,143646.1,mixed,365,71,,31.6,100.0,3,557.77
BMW,2013,diesel,11,99932.8,mixed,180,131,Medium,31.4,100.0,3,997.26
BMW,2012,gas,12,318634.9,mixed,180,80,High,34.5,100.0,0,430.49
Tesla,2019,gas,5,167818.6,city,180,7,High,32.4,100.0,0,450.96
Ford,2012,electric,12,234237.4,city,90,70,,38.4,100.0,0,300.48
BMW,2015,gas,9,249030.7,city,365,332,Low,35.1,100.0,0,512.22
Toyota,2015,gas,9,165110.7,mixed,90,63,Medium,38.8,100.0,1,623.48
Tesla,2020,gas,4,39019.2,highway,365,142,High,38.0,57.0,1,293.2
BMW,2016,gas,8,261542.0,mixed,365,22,High,34.6,100.0,0,484.72
Chevrolet,2010,electric,14,270791.9,mixed,90,17,,32.1,100.0,0,410.61
Chevrolet,2010,diesel,14,408375.0,mixed,180,84,High,28.6,100.0,4,838.06
Ford,2012,electric,12,329508.1,mixed,180,83,,31.1,100.0,4,566.48
Honda,2014,diesel,10,208397.7,mixed,180,40,High,31.4,100.0,0,455.16
Tesla,2023,electric,1,34947.6,city,365,155,,35.6,91.7,0,353.44
Chevrolet,2013,diesel,11,368823.8,mixed,365,286,Low,29.3,100.0,0,820.7
Honda,2013,diesel,11,130635.2,city,180,82,High,31.0,100.0,2,906.0
Ford,2021,diesel,3,59248.4,highway,180,33,High,32.7,78.7,0,458.16
Honda,2012,gas,12,110715.3,city,180,101,Medium,29.5,100.0,2,659.99
BMW,2015,diesel,9,152344.2,mixed,365,147,High,40.0,100.0,3,877.38
Tesla,2018,electric,6,114568.5,mixed,365,216,,31.2,100.0,1,429.18
Honda,2013,gas,11,361614.8,city,90,12,High,29.9,100.0,1,783.44
BMW,2016,electric,8,195405.3,city,365,262,,32.9,100.0,0,480.44
Tesla,2011,gas,13,261438.7,city,90,5,High,36.8,100.0,2,637.09
BMW,2015,gas,9,248793.8,city,365,173,High,31.1,100.0,1,421.53
Honda,2022,electric,2,47537.5,mixed,365,310,,35.0,94.8,1,381.98
BMW,2016,diesel,8,269192.6,mixed,90,71,Low,29.2,100.0,0,707.12
Ford,2012,electric,12,327807.0,mixed,180,39,,32.6,100.0,1,393.14
Ford,2013,diesel,11,166752.8,highway,90,26,High,30.9,100.0,1,551.81
Honda,2013,diesel,11,157356.1,mixed,90,35,High,35.0,100.0,1,817.09
Tesla,2011,gas,13,261136.2,city,90,72,Low,28.7,100.0,1,614.02
Toyota,2013,gas,11,176564.9,mixed,180,121,Medium,26.8,100.0,0,547.81
Ford,2016,gas,8,168080.2,highway,180,116,Medium,29.4,100.0,1,431.15
Ford,2014,gas,10,276924.3,mixed,365,350,Low,34.3,100.0,0,499.28
BMW,2018,diesel,6,165679.1,city,365,217,Medium,35.2,100.0,4,1075.42
Chevrolet,2016,electric,8,63716.9,mixed,180,106,,34.5,100.0,0,325.81
Tesla,2015,gas,9,274479.4,mixed,180,13,High,34.9,100.0,0,634.04
Tesla,2010,gas,14,197585.3,mixed,180,83,High,32.0,100.0,1,583.68
Honda,2012,gas,12,429031.6,highway,365,167,High,27.7,100.0,1,473.31
Honda,2013,diesel,11,133275.8,city,180,147,Low,27.7,100.0,4,1170.73
Honda,2012,diesel,12,298082.2,highway,365,100,High,39.5,100.0,1,710.73
Chevrolet,2011,gas,13,228761.0,mixed,365,226,Medium,33.7,100.0,1,547.62
BMW,2018,diesel,6,165229.6,city,365,113,High,34.4,100.0,0,591.63
Tesla,2023,electric,1,24750.3,highway,365,323,,33.6,32.8,0,232.98
Tesla,2014,gas,10,256340.2,highway,90,62,Medium,33.9,100.0,0,419.6
Tesla,2023,electric,1,25291.5,highway,365,177,,31.7,36.7,0,128.2
Tesla,2019,diesel,5,111392.4,city,90,1,High,35.1,100.0,0,718.92
BMW,2014,electric,10,78047.0,mixed,365,85,,34.9,100.0,2,623.83
Honda,2013,gas,11,360548.5,city,90,15,High,33.4,100.0,1,644.93
Tesla,2013,diesel,11,141778.6,mixed,365,33,High,35.9,100.0,0,393.89
Toyota,2011,electric,13,183803.6,mixed,90,71,,34.2,100.0,1,447.29
BMW,2015,diesel,9,151147.8,mixed,365,122,High,31.9,100.0,1,710.93
Chevrolet,2019,gas,5,90086.2,highway,365,83,High,34.0,100.0,2,663.36
BMW,2012,diesel,12,342130.7,highway,365,298,Low,31.9,100.0,1,625.28
Chevrolet,2014,gas,10,171910.7,mixed,365,8,High,33.1,100.0,2,526.55
BMW,2010,diesel,14,246649.3,mixed,90,65,Medium,34.3,100.0,0,543.16
Honda,2012,diesel,12,297687.9,highway,365,230,Medium,35.6,100.0,0,508.03
Toyota,2017,diesel,7,108398.3,highway,90,15,High,36.8,100.0,1,697.84
Honda,2012,gas,12,108205.7,city,180,17,High,31.1,100.0,1,658.87
BMW,2011,gas,13,423522.3,city,90,14,High,31.3,100.0,1,435.44
BMW,2012,gas,12,372969.4,city,90,2,High,34.4,100.0,1,657.14
Ford,2014,gas,10,278071.9,mixed,365,146,High,35.8,100.0,0,505.28
Chevrolet,2019,gas,5,89591.2,highway,365,146,High,35.9,100.0,1,625.92
Chevrolet,2010,diesel,14,408111.4,mixed,180,178,Low,33.5,100.0,1,696.31
BMW,2016,diesel,8,267454.1,mixed,90,48,Medium,30.9,100.0,3,748.13
Tesla,2012,diesel,12,395006.9,city,365,153,High,29.1,100.0,2,828.07
Toyota,2022,diesel,2,36474.1,city,365,158,High,27.2,84.7,0,632.77
Toyota,2018,gas,6,76776.0,highway,90,71,Low,35.7,100.0,2,543.72
Ford,2018,diesel,6,115547.1,city,90,21,High,30.2,100.0,2,633.14
Chevrolet,2021,diesel,3,106692.4,highway,90,47,Medium,30.1,100.0,0,669.08
BMW,2016,gas,8,260409.9,mixed,365,160,High,34.9,100.0,0,414.53
Chevrolet,2015,diesel,9,203031.4,highway,365,351,Low,29.8,100.0,0,728.37
Toyota,2010,diesel,14,137343.4,highway,180,0,High,32.7,100.0,2,719.97
Honda,2022,diesel,2,70896.5,mixed,365,174,High,34.5,100.0,0,537.33
BMW,2022,diesel,2,46224.0,city,180,9,High,31.8,100.0,0,581.06
Tesla,2014,gas,10,254222.3,highway,90,49,Medium,36.0,100.0,0,509.36
Chevrolet,2017,diesel,7,109920.1,city,180,98,Medium,30.7,100.0,0,674.27
BMW,2010,gas,14,408534.2,mixed,365,103,High,34.0,100.0,0,528.61
BMW,2021,electric,3,56159.6,city,365,179,,30.2,100.0,0,401.49
BMW,2016,electric,8,196722.7,city,365,136,,35.2,100.0,1,602.62
BMW,2021,electric,3,54373.9,city,365,145,,30.7,100.0,0,317.34
BMW,2014,electric,10,77784.2,mixed,365,206,,35.3,100.0,2,646.04
Honda,2013,diesel,11,156202.3,mixed,90,7,High,33.7,100.0,1,748.59
Honda,2023,gas,1,28419.7,city,365,204,Medium,29.6,78.0,0,326.41
BMW,2016,gas,8,259105.1,mixed,365,18,High,39.5,100.0,0,602.93
Tesla,2017,gas,7,60397.0,mixed,365,284,Low,35.9,100.0,0,473.28
Honda,2013,electric,11,288154.4,mixed,365,29,,26.9,100.0,1,274.54
Chevrolet,2011,electric,13,268804.6,mixed,365,329,,26.3,100.0,0,219.46
Toyota,2012,diesel,12,88355.2,highway,180,45,High,34.1,100.0,0,468.12
Chevrolet,2015,diesel,9,202279.7,highway,365,244,Medium,30.8,100.0,1,755.81
Ford,2022,diesel,2,29633.1,mixed,365,129,High,34.6,66.4,0,341.97
Chevrolet,2010,diesel,14,409102.3,mixed,180,52,High,33.7,100.0,1,652.57
Ford,2021,diesel,3,59673.5,highway,180,45,High,32.3,86.4,0,654.48
Toyota,2013,electric,11,264496.7,mixed,180,77,,25.7,100.0,0,279.24
Ford,2015,diesel,9,315127.2,mixed,180,3,High,31.2,100.0,0,600.3
Chevrolet,2021,gas,3,82009.1,city,365,323,Low,33.7,100.0,0,561.88
Honda,2014,gas,10,93893.8,mixed,180,76,High,38.8,100.0,0,478.57
BMW,2018,diesel,6,167660.6,city,365,196,Medium,30.2,100.0,2,888.37
Tesla,2018,electric,6,116905.4,mixed,365,347,,31.9,100.0,0,441.91
Chevrolet,2015,electric,9,177710.4,city,180,4,,36.3,100.0,0,369.99
Tesla,2013,diesel,11,142177.6,mixed,365,106,High,33.7,100.0,0,430.06
Ford,2020,gas,4,114725.3,highway,365,196,Medium,36.9,100.0,1,494.6
Chevrolet,2018,electric,6,138728.8,highway,365,217,,28.6,100.0,0,393.14
Honda,2014,diesel,10,205406.5,mixed,180,152,Low,31.8,100.0,1,673.81
BMW,2010,gas,14,408427.5,mixed,365,114,High,32.8,100.0,1,571.1
Chevrolet,2017,gas,7,198805.7,mixed,90,65,Medium,31.8,100.0,1,664.74
Chevrolet,2011,gas,13,336441.3,highway,90,42,High,36.7,100.0,2,613.2
Honda,2023,diesel,1,14086.2,mixed,180,172,Low,29.9,29.7,1,292.23
BMW,2016,diesel,8,140890.3,city,365,327,Low,28.5,100.0,0,734.35
Tesla,2019,gas,5,168711.4,city,180,97,Medium,29.1,100.0,0,526.94
Honda,2021,diesel,3,89946.7,highway,90,83,Low,33.3,100.0,1,896.96
Chevrolet,2011,diesel,13,274651.1,mixed,180,151,Low,34.7,100.0,0,538.61
Chevrolet,2023,electric,1,7523.9,mixed,365,320,,31.6,19.5,0,50.0
BMW,2010,electric,14,154097.2,highway,365,92,,35.7,100.0,3,616.43
Tesla,2011,gas,13,474721.9,city,180,50,High,36.7,100.0,1,564.84
Toyota,2018,gas,6,74942.4,highway,90,79,Low,33.0,100.0,0,432.25
Tesla,2014,diesel,10,210821.7,city,180,13,High,32.7,100.0,1,524.41
Toyota,2013,diesel,11,362824.4,city,180,74,High,28.5,100.0,2,694.16
Honda,2013,diesel,11,132765.2,city,180,152,Low,33.5,100.0,3,1044.95
Chevrolet,2015,diesel,9,203847.6,highway,365,60,High,28.3,100.0,3,868.61
BMW,2021,electric,3,55909.5,city,365,148,,37.1,100.0,1,298.1
Toyota,2010,diesel,14,138612.2,highway,180,147,Low,34.0,100.0,4,1031.93
Ford,2022,electric,2,68897.4,mixed,90,49,,40.0,100.0,0,302.73
Honda,2015,gas,9,293109.1,mixed,90,75,Low,31.1,100.0,0,452.74
Chevrolet,2021,electric,3,86794.9,highway,90,13,,38.3,100.0,0,443.73
Tesla,2019,gas,5,166963.5,city,180,0,High,33.4,100.0,0,378.94
Toyota,2021,gas,3,77135.9,mixed,90,48,Medium,34.2,100.0,0,621.21
Honda,2022,electric,2,47926.0,mixed,365,144,,33.1,99.4,0,332.14
Honda,2015,gas,9,293049.8,mixed,90,50,Medium,37.6,100.0,2,703.28
BMW,2018,electric,6,80030.1,city,180,33,,30.8,100.0,1,441.84
Ford,2019,electric,5,124957.5,highway,365,34,,28.2,100.0,1,511.86
Honda,2013,diesel,11,154681.7,mixed,90,16,High,33.2,100.0,0,622.38
BMW,2017,electric,7,127109.6,highway,180,145,,35.8,100.0,1,534.33
Tesla,2023,electric,1,24602.0,highway,365,270,,27.9,30.1,0,133.16
BMW,2013,gas,11,199951.7,mixed,180,129,Medium,31.8,100.0,4,786.6
Tesla,2023,electric,1,33612.0,city,365,102,,33.7,96.4,0,334.0
Chevrolet,2015,electric,9,233141.1,mixed,90,20,,29.1,100.0,0,339.54
Honda,2022,electric,2,47678.0,mixed,365,217,,28.0,99.1,0,368.38
Honda,2013,gas,11,254007.4,city,365,229,Medium,34.6,100.0,1,431.66
Honda,2021,diesel,3,98254.6,mixed,180,130,Medium,28.1,100.0,0,523.29
Tesla,2018,gas,6,196356.6,highway,365,173,High,32.5,100.0,1,631.22
Honda,2023,gas,1,13659.6,highway,90,70,Low,33.5,19.6,0,211.28
Tesla,2023,electric,1,25306.0,highway,365,0,,27.1,40.8,0,111.72
BMW,2010,electric,14,151454.4,highway,365,251,,35.6,100.0,0,345.85
Chevrolet,2020,electric,4,89335.7,city,90,77,,33.7,100.0,0,354.15
Honda,2021,electric,3,97547.4,highway,90,79,,31.4,100.0,1,471.03
Honda,2020,diesel,4,38086.5,city,90,31,High,32.3,100.0,0,541.47
Honda,2014,diesel,10,185311.1,city,180,76,High,29.9,100.0,0,396.9
Tesla,2013,diesel,11,140455.2,mixed,365,46,High,28.8,100.0,0,451.24
Ford,2013,diesel,11,247768.2,highway,365,292,Low,32.2,100.0,3,1148.85
Honda,2014,diesel,10,206852.6,mixed,180,179,Low,34.4,100.0,1,681.74
Chevrolet,2014,diesel,10,189485.6,city,180,129,Medium,32.3,100.0,1,786.06
Ford,2015,electric,9,291917.7,highway,180,72,,35.3,100.0,1,425.28
Honda,2012,gas,12,110560.4,city,180,77,High,32.3,100.0,1,469.66
Ford,2012,electric,12,327547.4,mixed,180,96,,35.9,100.0,0,358.4
Chevrolet,2011,gas,13,338012.3,highway,90,23,High,39.1,100.0,2,532.91
Honda,2015,diesel,9,272340.0,highway,365,201,Medium,31.7,100.0,2,573.12
Chevrolet,2023,electric,1,4731.2,mixed,365,174,,31.1,5.7,0,110.85
Ford,2011,gas,13,151459.9,highway,180,119,Medium,34.6,100.0,2,580.81
Tesla,2018,diesel,6,195957.9,highway,90,10,High,31.2,100.0,0,559.53
Chevrolet,2017,diesel,7,130859.0,mixed,180,83,High,37.6,100.0,0,547.54
Ford,2020,gas,4,114537.8,highway,365,336,Low,36.0,100.0,1,570.6
BMW,2020,electric,4,66557.8,highway,180,96,,29.4,90.1,0,375.4
Honda,2022,electric,2,49377.2,highway,180,29,,33.8,67.1,0,247.97
Ford,2016,diesel,8,138163.1,highway,180,149,Low,32.4,100.0,0,677.06
Tesla,2015,gas,9,85889.3,mixed,180,128,Medium,33.1,100.0,0,513.61
Chevrolet,2021,electric,3,86237.1,highway,90,12,,32.9,100.0,0,419.02
BMW,2022,electric,2,70911.9,highway,90,80,,35.3,93.3,0,371.95
Ford,2015,diesel,9,312120.6,mixed,180,89,High,31.9,100.0,1,557.9
Tesla,2010,gas,14,259861.3,city,90,34,High,33.9,100.0,0,502.52
BMW,2016,electric,8,196963.5,city,365,235,,32.3,100.0,1,564.74
Tesla,2018,gas,6,197846.2,highway,365,273,Medium,33.7,100.0,0,550.17
Tesla,2018,diesel,6,195809.3,highway,90,79,Low,36.3,100.0,0,524.56
Honda,2014,gas,10,118151.6,mixed,365,170,High,31.1,100.0,1,586.35
Chevrolet,2017,diesel,7,131817.0,city,365,37,High,35.7,100.0,0,504.91
Honda,2014,gas,10,94783.6,mixed,180,79,High,30.7,100.0,1,532.65
Toyota,2020,electric,4,129878.0,city,365,128,,36.9,100.0,1,477.96
Tesla,2020,gas,4,39244.5,highway,365,26,High,31.8,60.4,0,302.88
BMW,2013,gas,11,115166.0,mixed,365,274,Low,34.0,100.0,1,782.4
Honda,2021,gas,3,100380.5,highway,90,49,Medium,30.7,100.0,0,410.62
Tesla,2018,electric,6,115836.0,mixed,365,185,,34.1,100.0,0,402.07
Chevrolet,2011,gas,13,336323.6,highway,90,70,Low,28.5,100.0,2,581.38
Honda,2014,diesel,10,209570.7,mixed,180,85,High,37.2,100.0,0,475.54
BMW,2016,diesel,8,140201.8,city,365,247,Medium,31.0,100.0,0,634.47
BMW,2012,diesel,12,342422.1,highway,365,192,Medium,36.9,100.0,0,395.93
BMW,2016,diesel,8,140279.5,city,365,260,Medium,33.5,100.0,0,585.33
BMW,2015,gas,9,248853.8,city,365,196,Medium,31.9,100.0,0,364.04
Honda,2016,electric,8,146804.2,highway,365,311,,29.9,100.0,0,387.48
Chevrolet,2014,gas,10,169564.3,mixed,365,156,High,33.3,100.0,0,480.9
Ford,2012,electric,12,329215.4,mixed,180,19,,38.5,100.0,0,274.99
Chevrolet,2010,diesel,14,409805.7,mixed,180,35,High,33.4,100.0,1,701.75
Ford,2016,diesel,8,136505.3,highway,180,94,Medium,30.7,100.0,0,736.11
Tesla,2019,gas,5,167497.9,city,180,28,High,36.0,100.0,0,464.06
Chevrolet,2020,electric,4,89882.2,city,90,22,,31.9,100.0,1,386.94
Chevrolet,2011,electric,13,269697.9,mixed,365,149,,32.7,100.0,1,344.92
Toyota,2018,gas,6,74312.2,highway,90,65,Medium,34.2,100.0,0,436.41
Tesla,2017,diesel,7,198909.5,city,180,11,High,32.3,100.0,2,899.14
Tesla,2014,diesel,10,212406.3,city,180,157,Low,32.2,100.0,0,609.93
Chevrolet,2015,diesel,9,91929.3,highway,180,64,High,36.7,100.0,1,583.17
Ford,2019,electric,5,123666.7,highway,365,43,,32.3,100.0,1,419.46
Ford,2022,diesel,2,37206.0,highway,90,50,Medium,35.0,54.1,0,154.97
Ford,2022,electric,2,68205.8,mixed,90,2,,37.5,100.0,0,361.31
Chevrolet,2017,diesel,7,128272.6,city,365,61,High,27.4,100.0,2,710.93
Chevrolet,2011,electric,13,269087.5,mixed,365,196,,31.7,100.0,1,323.33
Honda,2016,electric,8,148439.1,highway,365,76,,35.0,100.0,0,356.9
BMW,2015,gas,9,163792.9,mixed,180,29,High,33.6,100.0,1,409.05
Honda,2018,diesel,6,80670.0,highway,90,77,Low,35.1,100.0,0,530.27
Chevrolet,2011,electric,13,269342.4,mixed,365,134,,29.8,100.0,0,325.72
BMW,2013,diesel,11,102889.4,mixed,180,74,High,34.9,100.0,0,701.3
Chevrolet,2023,diesel,1,11121.7,highway,180,37,High,28.7,20.0,0,81.04
Tesla,2018,gas,6,196637.4,highway,365,298,Low,35.3,100.0,0,598.08
Toyota,2012,diesel,12,87973.4,highway,180,154,Low,32.5,100.0,1,620.21
Chevrolet,2015,diesel,9,91257.3,highway,180,52,High,33.9,100.0,0,484.35
Honda,2014,diesel,10,186064.2,city,180,142,Low,29.8,100.0,1,686.35
Tesla,2017,gas,7,59151.0,mixed,365,358,Low,33.8,100.0,0,530.3
Ford,2012,diesel,12,282887.7,city,365,29,High,30.3,100.0,1,697.25
Ford,2022,gas,2,69596.0,highway,90,44,High,33.3,94.4,0,317.1
Honda,2012,gas,12,429700.4,highway,365,306,Low,30.8,100.0,2,605.97
Toyota,2010,diesel,14,423246.1,city,90,5,High,34.8,100.0,2,767.71
Honda,2020,diesel,4,132482.0,city,180,131,Medium,35.1,100.0,0,717.1
Toyota,2010,diesel,14,138427.1,highway,180,56,High,30.0,100.0,1,689.71
Tesla,2012,electric,12,133753.1,highway,365,121,,35.3,100.0,0,374.37
Honda,2022,electric,2,48617.5,mixed,365,217,,33.1,93.9,0,270.72
Chevrolet,2017,diesel,7,129651.7,mixed,180,104,Medium,29.2,100.0,1,513.23
Tesla,2020,gas,4,142380.5,mixed,90,5,High,28.9,100.0,0,363.34
Honda,2015,gas,9,292424.3,mixed,90,45,High,31.5,100.0,2,618.22
